group_id	name	category_id	published
0	#System	0	0
1	Character	1	0
2	Corporation	1	0
3	Region	2	0
4	Constellation	2	0
5	Solar System	2	0
6	Sun	2	0
7	Planet	2	0
8	Moon	2	0
9	Asteroid Belt	2	0
10	Stargate	2	0
11	Asteroid OLD	2	0
12	Cargo Container	2	1
13	Ring	2	0
14	Biomass	2	1
15	Station	3	0
16	Station Services	3	0
17	Money	4	1
18	Mineral	4	1
19	Faction	1	0
20	Drug	4	0
23	Clone	5	0
24	Voucher	5	0
25	Frigate	6	1
26	Cruiser	6	1
27	Battleship	6	1
28	Hauler	6	1
29	Capsule	6	1
30	Titan	6	1
31	Shuttle	6	1
32	Alliance	1	0
38	Shield Extender	7	1
39	Shield Recharger	7	1
40	Shield Booster	7	1
41	Remote Shield Booster	7	1
43	Capacitor Recharger	7	1
46	Propulsion Module	7	1
47	Cargo Scanner	7	1
48	Ship Scanner	7	1
49	Mining Survey Chipset	7	1
52	Warp Scrambler	7	1
53	Energy Weapon	7	1
54	Mining Laser	7	1
55	Projectile Weapon	7	1
56	Missile Launcher	7	0
57	Shield Power Relay	7	1
59	Gyrostabilizer	7	1
60	Damage Control	7	1
61	Capacitor Battery	7	1
62	Armor Repair Unit	7	1
63	Hull Repair Unit	7	1
65	Stasis Web	7	1
67	Remote Capacitor Transmitter	7	1
68	Energy Nosferatu	7	1
71	Energy Neutralizer	7	1
72	Smart Bomb	7	1
74	Hybrid Weapon	7	1
76	Capacitor Booster	7	1
77	Shield Hardener	7	1
78	Reinforced Bulkhead	7	1
80	Burst Jammer	7	1
82	Passive Targeting System	7	1
83	Projectile Ammo	8	1
85	Hybrid Charge	8	1
86	Frequency Crystal	8	1
87	Capacitor Booster Charge	8	1
88	Defender Missiles	8	1
89	Torpedo	8	1
90	Bomb	8	1
92	Mine	8	0
94	Trading	10	0
95	Trade Session	10	0
96	Automated Targeting System	7	1
97	Proximity Drone	18	0
98	Armor Coating	7	1
99	Sentry Gun	11	0
100	Combat Drone	18	1
101	Mining Drone	18	1
104	Clone Blueprint	9	1
105	Frigate Blueprint	9	1
106	Cruiser Blueprint	9	1
107	Battleship Blueprint	9	1
108	Hauler Blueprint	9	1
109	Capsule Blueprint	9	1
110	Titan Blueprint	9	1
111	Shuttle Blueprint	9	1
118	Shield Extender Blueprint	9	1
119	Shield Recharger Blueprint	9	1
120	Shield Booster Blueprint	9	1
121	Remote Shield Booster Blueprint	9	1
123	Capacitor Recharger Blueprint	9	1
126	Propulsion Module Blueprint	9	1
127	Cargo Scanner Blueprint	9	1
128	Ship Scanner Blueprint	9	1
129	Mining Survey Chipset Blueprint	9	1
130	ECM Blueprint	9	1
131	ECCM Blueprint	9	1
132	Warp Scrambler Blueprint	9	1
133	Energy Weapon Blueprint	9	1
134	Mining Laser Blueprint	9	1
135	Projectile Weapon Blueprint	9	1
136	Missile Launcher Blueprint	9	1
137	Power Manager Blueprint	9	1
139	Gunnery Upgrade Blueprint	9	1
140	Damage Control Blueprint	9	1
141	Capacitor Battery Blueprint	9	1
142	Armor Repair Unit Blueprint	9	1
143	Hull Repair Unit Blueprint	9	1
145	Stasis Web Blueprint	9	1
147	Remote Capacitor Transmitter Blueprint	9	1
148	Energy Nosferatu Blueprint	9	1
151	Energy Neutralizer Blueprint	9	1
152	Smart Bomb Blueprint	9	1
154	Hybrid Weapon Blueprint	9	1
156	Capacitor Booster Blueprint	9	1
157	Shield Hardener Blueprint	9	1
158	Hull Mods Blueprint	9	1
160	Burst Jammer Blueprint	9	1
161	Passive Targeting System Blueprint	9	1
162	Automated Targeting System Blueprint	9	1
163	Armor Coating Blueprint	9	1
165	Projectile Ammo Blueprint	9	1
166	Missile Blueprint	9	1
167	Hybrid Charge Blueprint	9	1
168	Frequency Crystal Blueprint	9	1
169	Capacitor Booster Charge Blueprint	9	1
170	Defender Missile Blueprint	9	1
172	Bomb Blueprint	9	1
174	Mine Blueprint	9	1
175	Proximity Drone Blueprint	9	1
176	Combat Drone Blueprint	9	1
177	Mining Drone Blueprint	9	1
178	Drug Blueprint	9	1
180	Protective Sentry Gun	11	0
182	Police Drone	11	0
185	Pirate Drone	11	0
186	Wreck	2	0
190	Bloodline Bonus	14	0
191	Physical Benefit	14	0
192	Physical Handicap	14	0
193	Phobia Handicap	14	0
194	Social Handicap	14	0
195	Amarr Education	14	0
196	Caldari Education	14	0
197	Gallente Education	14	0
198	Minmatar Education	14	0
199	Career Bonus	14	0
201	ECM	7	1
202	ECCM	7	1
203	Sensor Backup Array	7	1
205	Heat Sink	7	1
208	Sensor Dampener	7	1
209	Remote Tracking Computer	7	1
210	Signal Amplifier	7	1
211	Tracking Enhancer	7	1
212	Sensor Booster	7	1
213	Tracking Computer	7	1
218	Heat Sink Blueprint	9	1
223	Sensor Booster Blueprint	9	1
224	Tracking Computer Blueprint	9	1
225	Cheat Module Group	7	0
226	Large Collidable Object	2	0
227	Cloud	2	0
237	Corvette	6	1
255	Gunnery	16	1
256	Missiles	16	1
257	Spaceship Command	16	1
258	Fleet Support	16	1
266	Corporation Management	16	1
267	Obsolete Books	17	0
268	Production	16	1
269	Rigging	16	1
270	Science	16	1
272	Electronic Systems	16	1
273	Drones	16	1
274	Trade	16	1
275	Navigation	16	1
278	Social	16	1
279	LCO Drone	11	0
280	General	17	1
281	Frozen	17	1
282	Radioactive	17	1
283	Livestock	17	1
284	Biohazard	17	1
285	CPU Enhancer	7	1
286	Minor Threat	11	0
287	Rogue Drone	11	0
288	Faction Drone	11	0
289	Projected ECCM	7	1
290	Remote Sensor Booster	7	1
291	Weapon Disruptor	7	1
295	Shield Resistance Amplifier	7	1
296	Shield Resistance Amplifier Blueprint	9	1
297	Convoy	11	0
298	Convoy Drone	11	0
299	Repair Drone	18	0
300	Cyberimplant	20	1
301	Concord Drone	11	0
302	Magnetic Field Stabilizer	7	1
303	Booster	20	1
304	DNA Mutator	20	0
305	Comet	2	0
306	Spawn Container	11	0
307	Construction Platform	2	1
308	Countermeasure Launcher	7	0
309	Autopilot	7	0
310	Beacon	2	0
311	Reprocessing Array	23	1
312	Planetary Cloud	2	0
313	Drugs	17	1
314	Miscellaneous	17	1
315	Warp Core Stabilizer	7	1
316	Gang Coordinator	7	0
317	Computer Interface Node	7	0
318	Landmark	2	0
319	Large Collidable Structure	11	0
321	Shield Disruptor	7	1
323	Billboard	11	0
324	Assault Frigate	6	1
325	Remote Armor Repairer	7	1
326	Energized Armor Membrane	7	1
328	Armor Hardener	7	1
329	Armor Plate	7	1
330	Cloaking Device	7	1
332	Tool	17	1
333	Datacores	17	1
334	Construction Components	17	1
335	Temporary Cloud	11	0
336	Mobile Sentry Gun	2	0
337	Mission Drone	11	0
338	Shield Boost Amplifier	7	1
339	Auxiliary Power Core	7	1
340	Secure Cargo Container	2	1
341	Signature Scrambling	7	0
342	Anti Warp Scrambler Blueprint	9	1
343	Weapon Disruptor Blueprint	9	1
344	Tracking Enhancer Blueprint	9	1
345	Remote Tracking Computer Blueprint	9	1
346	Co-Processor Blueprint	9	1
347	Signal Amplifier Blueprint	9	1
348	Armor Hardener Blueprint	9	1
349	Armor Plate Blueprint	9	1
350	Remote Armor Repairer Blueprint	9	1
352	Auxiliary Power Core Blueprint	9	1
353	QA Module	7	0
355	Refinables	17	1
356	Tool Blueprint	9	1
357	DroneBayExpander	7	0
358	Heavy Assault Cruiser	6	1
360	Shield Boost Amplifier Blueprint	9	1
361	Mobile Warp Disruptor	22	1
363	Ship Maintenance Array	23	1
364	Mobile Storage	23	0
365	Control Tower	23	1
366	Warp Gate	2	0
367	Ballistic Control System	7	1
368	Global Warp Disruptor	2	0
369	Ship Logs	17	1
370	Criminal Tags	17	1
371	Mobile Warp Disruptor Blueprint	9	1
372	Advanced Autocannon Ammo	8	1
373	Advanced Railgun Charge	8	1
374	Advanced Beam Laser Crystal	8	1
375	Advanced Pulse Laser Crystal	8	1
376	Advanced Artillery Ammo	8	1
377	Advanced Blaster Charge	8	1
378	Cruise Control	7	0
379	Target Painter	7	1
380	Deep Space Transport	6	1
381	Elite Battleship	6	0
382	Shipping Crates	2	0
383	Destructible Sentry Gun	11	0
384	Light Missile	8	1
385	Heavy Missile	8	1
386	Cruise Missile	8	1
387	Rocket	8	1
394	Auto-Targeting Light Missile	8	1
395	Auto-Targeting Heavy Missile	8	1
396	Auto-Targeting Cruise Missile	8	1
397	Assembly Array	23	1
400	Ballistic Control System Blueprint	9	1
401	Cloaking Device Blueprint	9	1
404	Silo	23	1
405	Anti Cloaking Pulse	7	0
406	Smartbomb Supercharger	7	0
407	Fighter Support Unit	7	1
408	Drone Upgrade Blueprint	9	1
409	Empire Insignia Drops	17	1
410	Anti Cloaking Pulse Blueprint	9	0
411	Force Field	2	0
413	Laboratory	23	1
414	Mobile Power Core	23	0
416	Moon Mining	23	1
417	Mobile Missile Sentry	23	1
418	Mobile Shield Generator	23	0
419	Combat Battlecruiser	6	1
420	Destroyer	6	1
422	Gas Isotopes	4	0
423	Ice Product	4	1
425	Orbital Assault Unit	8	0
426	Mobile Projectile Sentry	23	1
427	Moon Materials	4	1
428	Intermediate Materials	4	1
429	Composite	4	1
430	Mobile Laser Sentry	23	1
435	Deadspace Overseer	11	0
436	Simple Reaction	24	1
438	Mobile Reactor	23	1
439	Electronic Warfare Battery	23	1
440	Sensor Dampening Battery	23	1
441	Stasis Webification Battery	23	1
443	Warp Scrambling Battery	23	1
444	Shield Hardening Array	23	1
445	Force Field Array	23	0
446	Customs Official	11	0
447	Construction Component Blueprints	9	1
448	Audit Log Secure Container	2	1
449	Mobile Hybrid Sentry	23	1
450	Arkonor	25	1
451	Bistot	25	1
452	Crokite	25	1
453	Dark Ochre	25	1
454	Hedbergite	25	1
455	Hemorphite	25	1
456	Jaspet	25	1
457	Kernite	25	1
458	Plagioclase	25	1
459	Pyroxeres	25	1
460	Scordite	25	1
461	Spodumain	25	1
462	Veldspar	25	1
463	Mining Barge	6	1
464	Strip Miner	7	1
465	Ice	25	1
467	Gneiss	25	1
468	Mercoxit	25	1
469	Omber	25	1
470	Unanchoring Drone	18	0
471	Corporate Hangar Array	23	1
472	System Scanner	7	1
473	Tracking Array	23	1
474	Acceleration Gate Keys	17	1
475	Microwarpdrive	7	0
476	XL Torpedo	8	1
477	Mining Barge Blueprint	9	1
478	System Scanner Blueprint	9	1
479	Scanner Probe	8	1
480	Stealth Emitter Array	23	0
481	Scan Probe Launcher	7	1
482	Mining Crystal	8	1
483	Frequency Mining Laser	7	1
484	Complex Reactions	24	1
485	Dreadnought	6	1
486	Scan Probe Blueprint	9	1
487	Destroyer Blueprint	9	1
489	Battlecruiser Blueprint	9	1
490	Strip Miner Blueprint	9	1
492	Survey Probe	8	1
493	Overseer Personal Effects	17	1
494	Deadspace Overseer's Structure	11	0
495	Deadspace Overseer's Sentry	11	0
496	Deadspace Overseer's Belongings	11	0
497	Fuel	8	0
498	Modifications	8	0
499	New EW Testing	7	0
500	Festival Charges	8	1
501	Festival Launcher	7	1
502	Cosmic Signature	2	0
503	Elite Hauler Blueprint	9	1
504	Target Painter Blueprint	9	1
505	Fake Skills	16	0
506	Missile Launcher Cruise	7	1
507	Missile Launcher Rocket	7	1
508	Missile Launcher Torpedo	7	1
509	Missile Launcher Light	7	1
510	Missile Launcher Heavy	7	1
511	Missile Launcher Rapid Light	7	1
512	Missile Launcher Defender	7	1
513	Freighter	6	1
514	ECM Stabilizer	7	1
515	Siege Module	7	1
516	Siege Module Blueprint	9	1
517	Agents in Space	2	0
518	Anti Ballistic Defense System	7	0
519	Terran Artifacts	25	0
520	Storyline Frigate	11	0
521	Identification	17	1
522	Storyline Cruiser	11	0
523	Storyline Battleship	11	0
524	Missile Launcher XL Torpedo	7	1
525	Freighter Blueprint	9	1
526	Commodities	17	1
527	Storyline Mission Frigate	11	0
528	Artifacts and Prototypes	17	1
530	Materials and Compounds	17	1
532	Gang Coordinator Blueprint	9	1
533	Storyline Mission Cruiser	11	0
534	Storyline Mission Battleship	11	0
535	Construction Platform Blueprint	9	1
536	Structure Components	17	1
537	Dreadnought Blueprint	9	1
538	Data Miners	7	1
540	Command Ship	6	1
541	Interdictor	6	1
543	Exhumer	6	1
544	Energy Neutralizer Drone	18	1
545	Warp Scrambling Drone	18	0
546	Mining Upgrade	7	1
547	Carrier	6	1
548	Interdiction Probe	8	1
549	Fighter Drone	18	0
550	Asteroid Angel Cartel Frigate	11	0
551	Asteroid Angel Cartel Cruiser	11	0
552	Asteroid Angel Cartel Battleship	11	0
553	Asteroid Angel Cartel Officer	11	0
554	Asteroid Angel Cartel Hauler	11	0
555	Asteroid Blood Raiders Cruiser	11	0
556	Asteroid Blood Raiders Battleship	11	0
557	Asteroid Blood Raiders Frigate	11	0
558	Asteroid Blood Raiders Hauler	11	0
559	Asteroid Blood Raiders Officer	11	0
560	Asteroid Guristas Battleship	11	0
561	Asteroid Guristas Cruiser	11	0
562	Asteroid Guristas Frigate	11	0
563	Asteroid Guristas Hauler	11	0
564	Asteroid Guristas Officer	11	0
565	Asteroid Sansha's Nation Battleship	11	0
566	Asteroid Sansha's Nation Cruiser	11	0
567	Asteroid Sansha's Nation Frigate	11	0
568	Asteroid Sansha's Nation Hauler	11	0
569	Asteroid Sansha's Nation Officer	11	0
570	Asteroid Serpentis Battleship	11	0
571	Asteroid Serpentis Cruiser	11	0
572	Asteroid Serpentis Frigate	11	0
573	Asteroid Serpentis Hauler	11	0
574	Asteroid Serpentis Officer	11	0
575	Asteroid Angel Cartel Destroyer	11	0
576	Asteroid Angel Cartel BattleCruiser	11	0
577	Asteroid Blood Raiders Destroyer	11	0
578	Asteroid Blood Raiders BattleCruiser	11	0
579	Asteroid Guristas Destroyer	11	0
580	Asteroid Guristas BattleCruiser	11	0
581	Asteroid Sansha's Nation Destroyer	11	0
582	Asteroid Sansha's Nation BattleCruiser	11	0
583	Asteroid Serpentis Destroyer	11	0
584	Asteroid Serpentis BattleCruiser	11	0
585	Remote Hull Repairer	7	1
586	Drone Modules	7	0
588	Super Weapon	7	1
589	Interdiction Sphere Launcher	7	1
590	Jump Portal Generator	7	1
593	Deadspace Angel Cartel BattleCruiser	11	0
594	Deadspace Angel Cartel Battleship	11	0
595	Deadspace Angel Cartel Cruiser	11	0
596	Deadspace Angel Cartel Destroyer	11	0
597	Deadspace Angel Cartel Frigate	11	0
602	Deadspace Blood Raiders BattleCruiser	11	0
603	Deadspace Blood Raiders Battleship	11	0
604	Deadspace Blood Raiders Cruiser	11	0
605	Deadspace Blood Raiders Destroyer	11	0
606	Deadspace Blood Raiders Frigate	11	0
611	Deadspace Guristas BattleCruiser	11	0
612	Deadspace Guristas Battleship	11	0
613	Deadspace Guristas Cruiser	11	0
614	Deadspace Guristas Destroyer	11	0
615	Deadspace Guristas Frigate	11	0
620	Deadspace Sansha's Nation BattleCruiser	11	0
621	Deadspace Sansha's Nation Battleship	11	0
622	Deadspace Sansha's Nation Cruiser	11	0
623	Deadspace Sansha's Nation Destroyer	11	0
624	Deadspace Sansha's Nation Frigate	11	0
629	Deadspace Serpentis BattleCruiser	11	0
630	Deadspace Serpentis Battleship	11	0
631	Deadspace Serpentis Cruiser	11	0
632	Deadspace Serpentis Destroyer	11	0
633	Deadspace Serpentis Frigate	11	0
638	Navigation Computer	7	0
639	Electronic Warfare Drone	18	1
640	Logistic Drone	18	1
641	Stasis Webifying Drone	18	1
642	Super Gang Enhancer	7	0
643	Carrier Blueprint	9	1
644	Drone Navigation Computer	7	1
645	Drone Damage Modules	7	1
646	Drone Tracking Modules	7	1
647	Drone Control Range Module	7	1
648	Advanced Rocket	8	1
649	Freight Container	2	1
650	Tractor Beam	7	1
651	Super Weapon Blueprint	9	1
652	Lease	17	1
653	Advanced Light Missile	8	1
654	Advanced Heavy Assault Missile	8	1
655	Advanced Heavy Missile	8	1
656	Advanced Cruise Missile	8	1
657	Advanced Torpedo	8	1
658	Cynosural Field Generator	7	1
659	Supercarrier	6	1
660	Energy Vampire Slayer	7	0
661	Simple Biochemical Reactions	24	1
662	Complex Biochemical Reactions	24	1
663	Mercoxit Mining Crystal	8	1
665	Mission Amarr Empire Frigate	11	0
666	Mission Amarr Empire Battlecruiser	11	0
667	Mission Amarr Empire Battleship	11	0
668	Mission Amarr Empire Cruiser	11	0
669	Mission Amarr Empire Destroyer	11	0
670	Mission Amarr Empire Other	11	0
671	Mission Caldari State Frigate	11	0
672	Mission Caldari State Battlecruiser	11	0
673	Mission Caldari State Cruiser	11	0
674	Mission Caldari State Battleship	11	0
675	Mission Caldari State Other	11	0
676	Mission Caldari State Destroyer	11	0
677	Mission Gallente Federation Frigate	11	0
678	Mission Gallente Federation Cruiser	11	0
679	Mission Gallente Federation Destroyer	11	0
680	Mission Gallente Federation Battleship	11	0
681	Mission Gallente Federation Battlecruiser	11	0
682	Mission Gallente Federation Other	11	0
683	Mission Minmatar Republic Frigate	11	0
684	Mission Minmatar Republic Destroyer	11	0
685	Mission Minmatar Republic Battlecruiser	11	0
686	Mission Minmatar Republic Other	11	0
687	Mission Khanid Frigate	11	0
688	Mission Khanid Destroyer	11	0
689	Mission Khanid Cruiser	11	0
690	Mission Khanid Battlecruiser	11	0
691	Mission Khanid Battleship	11	0
692	Mission Khanid Other	11	0
693	Mission CONCORD Frigate	11	0
694	Mission CONCORD Destroyer	11	0
695	Mission CONCORD Cruiser	11	0
696	Mission CONCORD Battlecruiser	11	0
697	Mission CONCORD Battleship	11	0
698	Mission CONCORD Other	11	0
699	Mission Mordu Frigate	11	0
700	Mission Mordu Destroyer	11	0
701	Mission Mordu Cruiser	11	0
702	Mission Mordu Battlecruiser	11	0
703	Mission Mordu Battleship	11	0
704	Mission Mordu Other	11	0
705	Mission Minmatar Republic Cruiser	11	0
706	Mission Minmatar Republic Battleship	11	0
707	Jump Portal Array	23	1
709	Scanner Array	23	1
710	Logistics Array	23	0
711	Harvestable Cloud	2	1
712	Biochemical Material	4	1
715	Destructible Agents In Space	11	0
716	Data Interfaces	17	1
718	Booster Blueprints	9	1
721	Temp	20	0
722	Advanced Hybrid Charge Blueprint	9	1
723	Tractor Beam Blueprint	9	1
724	Implant Blueprints	9	1
725	Advanced Projectile Ammo Blueprint	9	1
726	Advanced Frequency Crystal Blueprint	9	1
727	Mining Crystal Blueprint	9	1
728	Decryptors - Amarr	35	1
729	Decryptors - Minmatar	35	1
730	Decryptors - Gallente	35	1
731	Decryptors - Caldari	35	1
732	Decryptors - Sleepers	17	1
733	Decryptors - Yan Jung	17	1
734	Decryptors - Takmahl	17	1
735	Decryptors - Talocan	17	1
737	Gas Cloud Scoops	7	1
738	Cyber Armor	20	1
739	Cyber Drones	20	1
740	Cyber Electronic Systems	20	1
741	Cyber Engineering	20	1
742	Cyber Gunnery	20	1
743	Cyber Production	20	1
744	Cyber Leadership	20	1
745	Cyber Learning	20	1
746	Cyber Missile	20	1
747	Cyber Navigation	20	1
748	Cyber Science	20	1
749	Cyber Shields	20	1
750	Cyber Social	20	1
751	Cyber Trade	20	1
753	ECM Enhancer	7	0
754	Salvaged Materials	4	1
755	Asteroid Rogue Drone BattleCruiser	11	0
756	Asteroid Rogue Drone Battleship	11	0
757	Asteroid Rogue Drone Cruiser	11	0
758	Asteroid Rogue Drone Destroyer	11	0
759	Asteroid Rogue Drone Frigate	11	0
760	Asteroid Rogue Drone Hauler	11	0
761	Asteroid Rogue Drone Swarm	11	0
762	Inertial Stabilizer	7	1
763	Nanofiber Internal Structure	7	1
764	Overdrive Injector System	7	1
765	Expanded Cargohold	7	1
766	Power Diagnostic System	7	1
767	Capacitor Power Relay	7	1
768	Capacitor Flux Coil	7	1
769	Reactor Control Unit	7	1
770	Shield Flux Coil	7	1
771	Missile Launcher Heavy Assault	7	1
772	Heavy Assault Missile	8	1
773	Rig Armor	7	1
774	Rig Shield	7	1
775	Rig Energy Weapon	7	1
776	Rig Hybrid Weapon	7	1
777	Rig Projectile Weapon	7	1
778	Rig Drones	7	1
779	Rig Launcher	7	1
781	Rig Core	7	1
782	Rig Navigation	7	1
783	Cyber X Specials	20	1
784	Large Collidable Ship	11	0
786	Rig Electronic Systems	7	1
787	Rig Blueprint	9	1
789	Asteroid Angel Cartel Commander Frigate	11	0
790	Asteroid Angel Cartel Commander Cruiser	11	0
791	Asteroid Blood Raiders Commander Cruiser	11	0
792	Asteroid Blood Raiders Commander Frigate	11	0
793	Asteroid Angel Cartel Commander BattleCruiser	11	0
794	Asteroid Angel Cartel Commander Destroyer	11	0
795	Asteroid Blood Raiders Commander BattleCruiser	11	0
796	Asteroid Blood Raiders Commander Destroyer	11	0
797	Asteroid Guristas Commander BattleCruiser	11	0
798	Asteroid Guristas Commander Cruiser	11	0
799	Asteroid Guristas Commander Destroyer	11	0
800	Asteroid Guristas Commander Frigate	11	0
801	Deadspace Rogue Drone BattleCruiser	11	0
802	Deadspace Rogue Drone Battleship	11	0
803	Deadspace Rogue Drone Cruiser	11	0
804	Deadspace Rogue Drone Destroyer	11	0
805	Deadspace Rogue Drone Frigate	11	0
806	Deadspace Rogue Drone Swarm	11	0
807	Asteroid Sansha's Nation Commander BattleCruiser	11	0
808	Asteroid Sansha's Nation Commander Cruiser	11	0
809	Asteroid Sansha's Nation Commander Destroyer	11	0
810	Asteroid Sansha's Nation Commander Frigate	11	0
811	Asteroid Serpentis Commander BattleCruiser	11	0
812	Asteroid Serpentis Commander Cruiser	11	0
813	Asteroid Serpentis Commander Destroyer	11	0
814	Asteroid Serpentis Commander Frigate	11	0
815	Clone Vat Bay	7	1
816	Mission Generic Battleships	11	0
817	Mission Generic Cruisers	11	0
818	Mission Generic Frigates	11	0
819	Deadspace Overseer Frigate	11	0
820	Deadspace Overseer Cruiser	11	0
821	Deadspace Overseer Battleship	11	0
822	Mission Thukker Battlecruiser	11	0
823	Mission Thukker Battleship	11	0
824	Mission Thukker Cruiser	11	0
825	Mission Thukker Destroyer	11	0
826	Mission Thukker Frigate	11	0
827	Mission Thukker Other	11	0
828	Mission Generic Battle Cruisers	11	0
829	Mission Generic Destroyers	11	0
830	Covert Ops	6	1
831	Interceptor	6	1
832	Logistics	6	1
833	Force Recon Ship	6	1
834	Stealth Bomber	6	1
835	Station Upgrade Platform	2	1
836	Station Improvement Platform	2	1
837	Energy Neutralizing Battery	23	1
838	Cynosural Generator Array	23	1
839	Cynosural System Jammer	23	1
840	Structure Repair Array	23	0
841	Starbase - Control Tower Blueprints	9	1
842	Burst Projectors	7	1
843	Asteroid Rogue Drone Commander BattleCruiser	11	0
844	Asteroid Rogue Drone Commander Battleship	11	0
845	Asteroid Rogue Drone Commander Cruiser	11	0
846	Asteroid Rogue Drone Commander Destroyer	11	0
847	Asteroid Rogue Drone Commander Frigate	11	0
848	Asteroid Angel Cartel Commander Battleship	11	0
849	Asteroid Blood Raiders Commander Battleship	11	0
850	Asteroid Guristas Commander Battleship	11	0
851	Asteroid Sansha's Nation Commander Battleship	11	0
852	Asteroid Serpentis Commander Battleship	11	0
853	Starbase - Laser Battery Blueprints	9	1
854	Starbase - Projectile Battery Blueprints	9	1
855	Starbase - Hybrid Battery Blueprints	9	1
856	Starbase - ECM Jamming Array Blueprints	9	1
857	Starbase - Warp Scrambling Battery Blueprints	9	1
858	Starbase - Stasis Webification Battery Blueprints	9	1
859	Starbase - Sensor Dampening Array Blueprints	9	1
860	Starbase - Energy Neutralizing Battery Blueprints	9	1
861	Mission Fighter Drone	11	0
862	Missile Launcher Bomb	7	1
863	Bomb ECM	8	1
864	Bomb Energy	8	1
865	Mission Amarr Empire Carrier	11	0
866	Mission Caldari State Carrier	11	0
867	Mission Gallente Federation Carrier	11	0
868	Mission Minmatar Republic Carrier	11	0
870	Remote Hull Repairer Blueprint	9	1
871	Starbase - Missile Battery Blueprints	9	1
872	Outpost Improvements	5	1
873	Capital Construction Components	17	1
874	Disruptable Station Services	2	0
875	Mission Faction Transports	11	0
876	Outpost Upgrades	5	1
877	Target Painting Battery	23	0
878	Cloak Enhancements	7	0
879	Slave Reception	17	1
880	Sleeper Components	17	1
881	Freedom Programs	24	0
882	Enslavement Programs	24	0
883	Capital Industrial Ship	6	1
884	Test Compressed Ore	17	0
885	Cosmic Anomaly	2	0
886	Rogue Drone Components	4	1
888	Ore Compression Blueprints	9	1
889	Ore Enhancement Blueprints	9	0
890	Ice Compression Blueprints	9	1
891	Starbase - Mobile Laboratory Blueprints	9	1
892	Planet Satellites	8	0
893	Electronic Attack Ship	6	1
894	Heavy Interdiction Cruiser	6	1
896	Rig Security Transponder	7	0
897	Covert Cynosural Field	2	0
898	Black Ops	6	1
899	Warp Disrupt Field Generator	7	1
900	Marauder	6	1
901	Mining Enhancer	7	0
902	Jump Freighter	6	1
903	Ancient Compressed Ice	25	0
904	Rig Mining	7	0
905	Covert Cynosural Field Generator	7	0
906	Combat Recon Ship	6	1
907	Tracking Script	8	1
908	Warp Disruption Script	8	1
909	Tracking Disruption Script	8	1
910	Sensor Booster Script	8	1
911	Sensor Dampener Script	8	1
912	Script Blueprint	9	1
913	Advanced Capital Construction Components	17	1
914	Advanced Capital Construction Component Blueprints	9	1
915	Capital Construction Blueprints	9	1
916	Nanite Repair Paste	8	1
917	Data Miner Blueprint	9	1
918	Scan Probe Launcher Blueprint	9	1
920	Effect Beacon	2	0
922	Capture Point	11	0
924	Mission Faction Battleship	11	0
925	FW Infrastructure Hub	11	0
927	Mission Faction Haulers	11	0
934	Zombie Entities	11	0
935	WorldSpace	26	0
937	Decorations	29	0
940	Furniture	49	1
941	Industrial Command Ship	6	1
943	Legacy Currency	5	1
944	Capital Industrial Ship Blueprint	9	1
945	Industrial Command Ship Blueprint	9	1
952	Mission Container	11	0
954	Defensive Subsystem	32	1
955	Depricated Subsystems	17	0
956	Offensive Subsystem	32	1
957	Propulsion Subsystem	32	1
958	Core Subsystem	32	1
959	Deadspace Sleeper Sleepless Sentinel	11	0
960	Deadspace Sleeper Awakened Sentinel	11	0
961	Deadspace Sleeper Emergent Sentinel	11	0
963	Strategic Cruiser	6	1
964	Hybrid Tech Components	17	1
965	Hybrid Component Blueprints	9	1
966	Ancient Salvage	4	1
967	Wormhole Minerals	4	0
971	Sleeper Propulsion Relics	34	1
972	Obsolete Probes	8	0
973	Subsystem Blueprints	9	1
974	Hybrid Polymers	4	1
976	Festival Charges Expired	63	1
977	Hybrid Reactions	24	1
979	Decryptors - Hybrid	35	1
982	Deadspace Sleeper Sleepless Defender	11	0
983	Deadspace Sleeper Sleepless Patroller	11	0
984	Deadspace Sleeper Awakened Defender	11	0
985	Deadspace Sleeper Awakened Patroller	11	0
986	Deadspace Sleeper Emergent Defender	11	0
987	Deadspace Sleeper Emergent Patroller	11	0
988	Wormhole	2	0
990	Sleeper Electronics Relics	34	1
991	Sleeper Offensive Relics	34	1
992	Sleeper Engineering Relics	34	1
993	Sleeper Defensive Relics	34	1
995	Secondary Sun	2	0
996	Strategic Cruiser Blueprints	9	1
997	Sleeper Hull Relics	34	1
1003	Territorial Claim Unit	40	1
1004	Defense Bunkers	40	0
1005	Sovereignty Blockade Unit	40	0
1006	Mission Faction Cruiser	11	0
1007	Mission Faction Frigate	11	0
1010	Compact XL Torpedo	8	0
1012	Sovereignty Hub	40	1
1013	Supercarrier Blueprints	9	1
1016	Infrastructure Hub Strategic Upgrades	39	1
1019	XL Cruise Missile	8	1
1020	Infrastructure Hub Industrial Upgrades	39	1
1021	Infrastructure Hub Military Upgrades	39	1
1022	Prototype Exploration Ship	6	1
1023	Fighter Bomber	18	0
1025	Orbital Infrastructure	46	0
1026	Extractors	41	1
1027	Command Centers	41	1
1028	Processors	41	1
1029	Storage Facilities	41	1
1030	Spaceports	41	1
1031	Planetary Resources	17	1
1032	Planet Solid - Raw Resource	42	1
1033	Planet Liquid-Gas - Raw Resource	42	1
1034	Refined Commodities - Tier 2	43	1
1035	Planet Organic - Raw Resource	42	1
1036	Planetary Links	41	1
1040	Specialized Commodities - Tier 3	43	1
1041	Advanced Commodities - Tier 4	43	1
1042	Basic Commodities - Tier 1	43	1
1045	Sovereignty Structure Blueprint	9	1
1046	Nanite Repair Paste Blueprint	9	1
1048	Starbase Blueprint	9	1
1051	Incursion Sansha's Nation Industrial	11	0
1052	Incursion Sansha's Nation Capital	11	0
1053	Incursion Sansha's Nation Frigate	11	0
1054	Incursion Sansha's Nation Cruiser	11	0
1056	Incursion Sansha's Nation Battleship	11	0
1063	Extractor Control Units	41	1
1067	MaterialZone	26	0
1068	DetailMesh	26	0
1071	Flashpoint	2	1
1073	Test Orbitals	46	0
1079	Generic	49	1
1081	Mercenary Bases	41	1
1082	Capsuleer Bases	41	1
1083	Eyewear	30	1
1084	Tattoos	30	1
1085	Piercings	30	0
1086	Scars	30	0
1087	Mid Layer	30	0
1088	Outer	30	1
1089	Tops	30	1
1090	Bottoms	30	1
1091	Footwear	30	1
1092	Headwear	30	1
1093	Makeup	30	0
1105	Lens Flares	53	0
1106	Orbital Construction Platform	46	1
1107	Particle Systems	53	0
1108	Animated Lights	53	0
1109	Audio	29	0
1110	Point Lights	54	1
1111	Box Lights	54	1
1112	Spot Lights	54	1
1118	Surface Infrastructure Prefab Units	17	0
1121	Perception Points	29	1
1122	Salvager	7	1
1123	Salvager Blueprint	9	1
1126	PhysicalPortals	59	0
1136	Fuel Block	4	1
1137	Fuel Block Blueprint	9	1
1139	Mining Laser Upgrade Blueprint	9	1
1141	Research Data	17	1
1142	Energy Neutralizer Drone Blueprint	9	1
1143	Electronic Warfare Drone Blueprint	9	1
1144	Logistic Drone Blueprint	9	1
1145	Heavy Fighter Blueprint	9	1
1146	Light Fighter Blueprint	9	1
1147	Stasis Webifying Drone Blueprint	9	1
1149	Mobile Jump Disruptor	22	0
1150	Armor Resistance Shift Hardener	7	1
1151	Armor Resistance Shift Hardener Blueprint	9	1
1152	Drone Damage Module Blueprint	9	1
1153	Shield Booster Script	8	0
1154	Signature Suppressor	7	1
1155	Signature Suppressor Blueprint	9	1
1156	Ancillary Shield Booster	7	1
1157	Fueled Shield Booster Blueprint	9	1
1158	Heavy Defender Missile	8	0
1159	Salvage Drone	18	1
1160	Survey Probe Blueprints	9	1
1162	Container Blueprints	9	1
1165	Satellite	2	1
1166	FW Minmatar Republic Frigate	11	1
1167	FW Caldari State Frigate	11	1
1168	FW Gallente Federation Frigate	11	1
1169	FW Amarr Empire Frigate	11	1
1174	Asteroid Rogue Drone Officer	11	0
1175	FW Amarr Empire Destroyer	11	1
1176	FW Caldari State Destroyer	11	1
1177	FW Gallente Federation Destroyer	11	1
1178	FW Minmatar Republic Destroyer	11	1
1179	FW Amarr Empire Cruiser	11	1
1180	FW Caldari State Cruiser	11	1
1181	FW Gallente Federation Cruiser	11	1
1182	FW Minmatar Republic Cruiser	11	1
1183	FW Amarr Empire Battlecruiser	11	1
1184	FW Caldari State Battlecruiser	11	1
1185	FW Gallente Federation Battlecruiser	11	1
1186	FW Minmatar Republic Battlecruiser	11	1
1189	Micro Jump Drive	7	1
1190	Salvage Drone Blueprint	9	1
1191	Micro Jump Drive Blueprint	9	1
1194	Special Edition Commodities	63	1
1195	Tournament Cards: New Eden Open YC 114	63	1
1197	Special Edition Commodity Blueprints	9	1
1198	Orbital Target	2	1
1199	Ancillary Armor Repairer	7	1
1200	Fueled Armor Repairer Blueprint	9	1
1201	Attack Battlecruiser	6	1
1202	Blockade Runner	6	1
1206	Security Tags	17	1
1207	Scatter Container	11	1
1209	Shields	16	1
1210	Armor	16	1
1212	Personal Hangar	23	1
1213	Targeting	16	1
1216	Engineering	16	1
1217	Scanning	16	1
1218	Resource Processing	16	1
1220	Neural Enhancement	16	1
1222	ECM Stabilizer Blueprint	9	1
1223	Scanning Upgrade	7	1
1224	Scanning Upgrade Blueprint	9	1
1225	Tournament Cards: Alliance Tournament All Stars	63	1
1226	Survey Probe Launcher	7	1
1227	Survey Probe Launcher Blueprint	9	1
1228	Cyber Targeting	20	1
1229	Cyber Resource Processing	20	1
1230	Cyber Scanning	20	1
1231	Cyber Biology	20	1
1232	Rig Resource Processing	7	1
1233	Rig Scanning	7	1
1234	Rig Targeting	7	1
1238	Scanning Upgrade Time	7	1
1239	Scanning Upgrade Time Blueprint	9	1
1240	Subsystems	16	1
1241	Planet Management	16	1
1245	Missile Launcher Rapid Heavy	7	1
1246	Mobile Depot	22	1
1247	Mobile Siphon Unit	22	1
1248	Bounty Encrypted Bonds	17	1
1249	Mobile Cyno Inhibitor	22	1
1250	Mobile Tractor Unit	22	1
1252	Ghost Sites Angel Cartel Cruiser	11	1
1255	Ghost Sites Blood Raiders Cruiser	11	1
1259	Ghost Sites Guristas Cruiser	11	1
1262	Ghost Sites Serpentis Cruiser	11	1
1265	Ghost Sites Sanshas Cruiser	11	1
1267	Mobile Siphon Unit Blueprint	9	1
1268	Mobile Cynosural Inhibitor Blueprint	9	1
1269	Mobile Depot Blueprint	9	1
1270	Mobile Tractor Unit Blueprint	9	1
1271	Prosthetics	30	1
1273	Encounter Surveillance System	22	1
1274	Mobile Decoy Unit	22	0
1275	Mobile Scan Inhibitor	22	1
1276	Mobile Micro Jump Unit	22	1
1277	Encounter Surveillance System Blueprint	9	1
1282	Compression Array	23	1
1283	Expedition Frigate	6	1
1285	Asteroid Mordus Legion Commander Frigate	11	0
1286	Asteroid Mordus Legion Commander Cruiser	11	0
1287	Asteroid Mordus Legion Commander Battleship	11	0
1288	Ghost Sites Mordu's Legion	11	1
1289	Warp Accelerator	7	1
1292	Drone Tracking Enhancer	7	1
1293	Mobile Scan Inhibitor Blueprint	9	1
1294	Mobile Micro Jump Unit Blueprint	9	1
1295	Mobile Decoy Unit Blueprint	9	1
1297	Mobile Vault	22	1
1299	Jump Drive Economizer	7	1
1301	Services	5	1
1304	Generic Decryptor	35	1
1305	Tactical Destroyer	6	1
1306	Ship Modifiers	7	1
1307	Roaming Sleepers Cruiser	11	1
1308	Rig Anchor	7	1
1309	Tactical Destroyer Blueprint	9	1
1310	Drifter Battleship	11	1
1311	Super Kerr-Induced Nanocoatings	5	1
1312	Observatory Structures	22	1
1313	Entosis Link	7	1
1314	Unknown Components	17	1
1316	Entosis Command Node	2	0
1317	Infrastructure Upgrade Blueprint	9	1
1318	Entosis Link Blueprint	9	1
1319	Miscellaneous	29	0
1321	Structure Citadel Service Module	66	1
1322	Structure Resource Processing Service Module	66	1
1323	Structure Observatory Service Module	66	0
1324	Structure FLEX Service Module	66	0
1325	Structure Administration Service Module	66	0
1326	Structure Advertisement Service Module	66	0
1327	Structure XL Missile Launcher	66	1
1328	Structure Guided Bomb Launcher	66	1
1329	Structure Energy Neutralizer	66	1
1330	Structure Area Denial Module	66	1
1331	Structure Burst Projector	66	1
1332	Structure ECM Battery	66	1
1333	Structure Doomsday Weapon	66	1
1395	Missile Guidance Enhancer	7	1
1396	Missile Guidance Computer	7	1
1397	Missile Guidance Enhancer Blueprint	9	1
1399	Missile Guidance Computer Blueprint	9	1
1400	Missile Guidance Script	8	1
1402	Amarr Navy Roaming Battleship	11	0
1404	Engineering Complex	65	1
1405	Laboratory	65	0
1406	Refinery	65	1
1407	Observatory Array	65	0
1408	Upwell Jump Bridge	65	1
1409	Administration Hub	65	0
1410	Advertisement Center	65	0
1411	Amarr Navy Roaming Cruiser	11	0
1412	Amarr Navy Roaming Capital	11	0
1413	Amarr Navy Roaming Logistics	11	0
1414	Amarr Navy Roaming Frigate	11	0
1415	Structure Engineering Service Module	66	1
1416	Structure Research Service Module	66	0
1429	Structure Weapon Upgrade	66	1
1430	Structure Fitting Module	66	1
1441	Structure Stasis Webifier	66	1
1442	Structure Warp Scrambler	66	1
1452	Irregular Drone	11	0
1453	Irregular EW Drone	11	0
1454	Irregular Fighter	11	0
1455	Irregular Fighter Squadron	11	0
1461	Unknown Blueprint	9	0
1462	Structure Blueprints	9	1
1465	Mission Generic Supercarrier	11	0
1527	Logistics Frigate	6	1
1529	Deadspace Sleeper Upgraded Avenger	11	0
1530	Drifter Response Battleship	11	0
1533	Micro Jump Field Generators	7	1
1534	Command Destroyer	6	1
1535	Structure Signal Amplifier	66	1
1537	Support Fighter	87	1
1538	Force Auxiliary	6	1
1542	Command Destroyer Blueprint	9	1
1543	Micro Jump Field Generator Blueprint	9	1
1545	Structure Management	16	1
1546	Structure Anti-Capital Missile	8	1
1547	Structure Anti-Subcapital Missile	8	1
1548	Guided Bomb	8	1
1549	Structure ECM script	8	1
1550	Structure Stasis Webifier Script	8	0
1551	Structure Warp Disruptor Script	8	1
1559	Structure Resistance Switcher Script	8	0
1562	Structure Multirole Missile Launcher	66	1
1566	Irregular Shuttle	11	0
1567	Irregular Corvette	11	0
1568	Irregular Frigate	11	0
1569	Guidance Disruption Script	8	1
1570	Structure Assembly Rig M - Small Tech I Ship	66	0
1579	Structure Assembly Rig M - Medium Tech I Ship	66	0
1580	Structure Assembly Rig M - Large Tech I Ship	66	0
1581	Structure Assembly Rig M - Small Tech II Ship	66	0
1582	Structure Assembly Rig M - Medium Tech II Ship	66	0
1583	Structure Assembly Rig M - Large Tech II Ship	66	0
1584	Structure Assembly Rig M - Drone	66	0
1585	Structure Assembly Rig M - Consumable	66	0
1586	Structure Assembly Rig M - Module	66	0
1587	Structure Assembly Rig L - Module, Consumable, Drone	66	0
1588	Structure Assembly Rig L - Tech I Ship	66	0
1589	Structure Assembly Rig L - Tech II Ship	66	0
1590	Structure Assembly Rig L - Tech II Component	66	0
1591	Structure Assembly Rig L - Tech I Capital Component	66	0
1592	Structure Assembly Rig L - Structure Component	66	0
1593	Structure Assembly Rig L - Subsystem	66	0
1594	Structure Assembly Rig XL - Equipment	66	0
1595	Structure Assembly Rig XL - Ship	66	0
1596	Structure Assembly Rig XL - All Components	66	0
1598	Structure Laboratory Rig M - Small Ship	66	0
1599	Structure Laboratory Rig M - Medium Ship	66	0
1600	Structure Laboratory Rig M - Large Ship	66	0
1601	Structure Laboratory Rig M - Drone	66	0
1602	Structure Laboratory Rig M - Consumable	66	0
1603	Structure Laboratory Rig M - Module	66	0
1604	Structure Laboratory Rig L - Module, Consumable, Drone	66	0
1605	Structure Laboratory Rig L - Ship	66	0
1606	Structure Laboratory Rig L - Component	66	0
1607	Structure Laboratory Rig L - Capital Component	66	0
1608	Structure Laboratory Rig L - Structure Component	66	0
1609	Structure Laboratory Rig L - Subsystem	66	0
1610	Structure Laboratory Rig XL - Equipment	66	0
1611	Structure Laboratory Rig XL - Ship	66	0
1612	Structure Laboratory Rig XL - All Components	66	0
1613	Structure Combat Rig M - Missile Application	66	1
1614	Structure Combat Rig M - Missile Projection	66	1
1615	Structure Combat Rig M - Energy Neutralizer Projection	66	1
1616	Structure Combat Rig M - Energy Neutralizer Cap Reduction	66	1
1617	Structure Citadel Rig M - Drone Hitpoints	66	0
1618	Structure Citadel Rig M - Drone Speed	66	0
1619	Structure Combat Rig M - EW projection	66	1
1620	Structure Combat Rig M - EW Cap Reduction	66	1
1621	Structure Combat Rig M - Max Targets	66	1
1622	Structure Combat Rig M - Boosted Sensors	66	1
1629	Structure Combat Rig L - Missile Application and Projection	66	1
1630	Structure Combat Rig L - Energy Neutralizer Projection and Cap Reduction	66	1
1631	Structure Citadel Rig L - Drone Hitpoints and Speed	66	0
1632	Structure Combat Rig L - EW Projection and Cap Reduction	66	1
1633	Structure Combat Rig L - AoE Launcher Application and Projection	66	1
1634	Structure Combat Rig L - Point Defense Battery Application and Projection	66	1
1635	Structure Combat Rig L - Max Targets and Sensor Boosting	66	1
1639	Structure Combat Rig XL - Missile and AoE Missile	66	1
1640	Structure Citadel Rig XL - Drone and PDB	66	0
1641	Structure Combat Rig XL - Energy Neutralizer and EW	66	1
1642	Structure Combat Rig XL - Doomsday and Targeting	66	1
1647	OLD Structure Resource Rig M - HS Ore Reprocessing	66	0
1648	OLD Structure Resource Rig L - Ore Reprocessing	66	0
1649	OLD Structure Resource Rig XL - Reprocessing	66	0
1652	Light Fighter	87	1
1653	Heavy Fighter	87	1
1657	Citadel	65	1
1664	Irregular Destroyer	11	0
1665	Irregular Cruiser	11	0
1666	Irregular Battlecruiser	11	0
1667	Irregular Battleship	11	0
1670	Augmentations	30	1
1672	Stasis Grappler	7	1
1673	Missile Launcher Rapid Torpedo	7	1
1674	Missile Launcher XL Cruise	7	1
1676	Named Components	4	1
1677	Advanced XL Torpedo	8	1
1678	Advanced XL Cruise Missile	8	1
1679	Support Fighter Blueprint	9	1
1681	Asteroid Angel Cartel Dreadnought	11	0
1682	Asteroid Angel Cartel Titan	11	0
1683	Asteroid Blood Raider Dreadnought	11	0
1684	Asteroid Blood Raider Titan	11	0
1685	Asteroid Guristas Dreadnought	11	0
1686	Asteroid Guristas Titan	11	0
1687	Asteroid Sansha's Nation Dreadnought	11	0
1688	Asteroid Sansha's Nation Supercarrier	11	0
1689	Asteroid Serpentis Dreadnought	11	0
1690	Asteroid Serpentis Titan	11	0
1691	Asteroid Rogue Drone Carrier	11	0
1692	Asteroid Rogue Drone Supercarrier	11	0
1693	OLD Structure Resource Rig M - LNS Ore Reprocessing	66	0
1694	OLD Structure Resource Rig M - Ice 1 Reprocessing	66	0
1695	OLD Structure Resource Rig M - Ice 2 Reprocessing	66	0
1696	OLD Structure Resource Rig L - Ice Reprocessing	66	0
1697	Ancillary Remote Shield Booster	7	1
1698	Ancillary Remote Armor Repairer	7	1
1699	Flex Armor Hardener	7	1
1700	Flex Shield Hardener	7	1
1701	Flex Armor Hardener Script	8	1
1702	Flex Shield Hardener Script	8	1
1703	Burst Projector Blueprint	9	1
1704	Super Weapon Beacon	2	0
1706	Capital Sensor Array	7	1
1707	Structure Module Blueprint	9	1
1708	Structure Rig Blueprint	9	1
1709	Unpublished Structure Module and Rig Blueprints	9	0
1717	Unpublished Structure Modules	66	0
1718	Force Auxiliary Blueprint	9	1
1719	Structure Disruption Battery	66	1
1720	Roaming Serpentis Battleship	11	0
1721	Roaming Serpentis Cruiser	11	0
1722	Roaming Serpentis Frigate	11	0
1723	Shield Resistance Shift Hardener Blueprint	9	1
1724	Irregular Dreadnought	11	0
1725	Irregular Force Auxiliary	11	0
1726	Irregular Carrier	11	0
1727	Roaming Angel Cartel Battleship	11	0
1728	Roaming Angel Cartel Cruiser	11	0
1729	Roaming Angel Cartel Frigate	11	0
1730	Special Edition Implant	20	1
1731	Irregular Super Carrier	11	0
1734	Roaming Blood Raider Frigate	11	0
1735	Roaming Blood Raider Cruiser	11	0
1736	Roaming Blood Raider Battlecruiser	11	0
1737	Roaming Blood Raider Battleship	11	0
1739	Skill Injectors	5	1
1759	Irregular Titan	11	0
1761	Irregular Mining Frigate	11	0
1762	Irregular Mining Barge	11	0
1764	♦ Mining Frigate	11	0
1765	♦ Mining Barge	11	0
1766	♦ Mining Exhumer	11	0
1767	♦ Mining Hauler	11	0
1768	Seeker Scouts	11	0
1769	Shield Command Burst Charges	8	1
1770	Command Burst	7	1
1771	Mining Foreman Burst Charges	8	1
1772	Skirmish Command Burst Charges	8	1
1773	Information Command Burst Charges	8	1
1774	Armor Command Burst Charges	8	1
1788	Hidden Zenith Drifters	11	0
1789	Hidden Zenith Amarr Battleship	11	0
1790	Hidden Zenith Amarr Cruiser	11	0
1791	Hidden Zenith Amarr Frigate	11	0
1792	Hidden Zenith Caldari Battleship	11	0
1793	Hidden Zenith Caldari Cruiser	11	0
1794	Hidden Zenith Caldari Frigate	11	0
1795	Hidden Zenith Gallente Battleship	11	0
1796	Hidden Zenith Gallente Cruiser	11	0
1797	Hidden Zenith Gallente Frigate	11	0
1798	Hidden Zenith Minmatar Battleship	11	0
1799	Hidden Zenith Minmatar Cruiser	11	0
1800	Hidden Zenith Minmatar Frigate	11	0
1803	♦ Frigate	11	0
1804	Hidden Zenith Amarr Capital	11	0
1805	Hidden Zenith Caldari Capital	11	0
1806	Hidden Zenith Gallente Capital	11	0
1807	Hidden Zenith Minmatar Capital	11	0
1810	Command Burst Charge Blueprint	9	1
1812	Command Burst Blueprint	9	1
1813	♦ Cruiser	11	0
1814	♦ Battleship	11	0
1815	Titan Phenomena Generator	7	1
1816	Structure Engineering Rig M - Equipment ME	66	1
1818	Strong Boxes	17	1
1819	Structure Engineering Rig M - Equipment TE	66	1
1820	Structure Engineering Rig M - Ammunition ME	66	1
1821	Structure Engineering Rig M - Ammunition TE	66	1
1822	Structure Engineering Rig M - Drone and Fighter ME	66	1
1823	Structure Engineering Rig M - Drone and Fighter TE	66	1
1824	Structure Engineering Rig M - Basic Small Ship ME	66	1
1825	Structure Engineering Rig M - Basic Small Ship TE	66	1
1826	Structure Engineering Rig M - Basic Medium Ship ME	66	1
1827	Structure Engineering Rig M - Basic Medium Ship TE	66	1
1828	Structure Engineering Rig M - Basic Large Ship ME	66	1
1829	Structure Engineering Rig M - Basic Large Ship TE	66	1
1830	Structure Engineering Rig M - Advanced Small Ship ME	66	1
1831	Structure Engineering Rig M - Advanced Small Ship TE	66	1
1832	Structure Engineering Rig M - Advanced Medium Ship ME	66	1
1833	Structure Engineering Rig M - Advanced Medium Ship TE	66	1
1834	Structure Engineering Rig M - Advanced Large Ship ME	66	1
1835	Structure Engineering Rig M - Advanced Large Ship TE	66	1
1836	Structure Engineering Rig M - Advanced Component ME	66	1
1837	Structure Engineering Rig M - Advanced Component TE	66	1
1838	Structure Engineering Rig M - Basic Capital Component TE	66	1
1839	Structure Engineering Rig M - Basic Capital Component ME	66	1
1840	Structure Engineering Rig M - Structure ME	66	1
1841	Structure Engineering Rig M - Structure TE	66	1
1842	Structure Engineering Rig M - Invention Cost Optimization	66	1
1843	Structure Engineering Rig M - Invention Accelerator	66	1
1844	Structure Engineering Rig M - ME Research Cost Optimization	66	1
1845	Structure Engineering Rig M - ME Research Accelerator	66	1
1846	Structure Engineering Rig M - TE Research Cost Optimization	66	1
1847	Structure Engineering Rig M - TE Research Accelerator	66	1
1848	Structure Engineering Rig M - Blueprint Copy Cost Optimization	66	1
1849	Structure Engineering Rig M - Blueprint Copy Accelerator	66	1
1850	Structure Engineering Rig L - Equipment Efficiency	66	1
1851	Structure Engineering Rig L - Ammunition Efficiency	66	1
1852	Structure Engineering Rig L - Drone and Fighter Efficiency	66	1
1853	Structure Engineering Rig L - Basic Small Ship Efficiency	66	1
1854	Structure Engineering Rig L - Basic Medium Ship Efficiency	66	1
1855	Structure Engineering Rig L - Basic Large Ship Efficiency	66	1
1856	Structure Engineering Rig L - Advanced Small Ship Efficiency	66	1
1857	Structure Engineering Rig L - Advanced Medium Ship Efficiency	66	1
1858	Structure Engineering Rig L - Advanced Large Ship Efficiency	66	1
1859	Structure Engineering Rig L - Capital Ship Efficiency	66	1
1860	Structure Engineering Rig L - Advanced Component Efficiency	66	1
1861	Structure Engineering Rig L - Basic Capital Component Efficiency	66	1
1862	Structure Engineering Rig L - Structure Efficiency	66	1
1863	Structure Engineering Rig L - Invention Optimization	66	1
1864	Structure Engineering Rig L - ME Research Optimization	66	1
1865	Structure Engineering Rig L - TE Research Optimization	66	1
1866	Structure Engineering Rig L - Blueprint Copy Optimization	66	1
1867	Structure Engineering Rig XL - Equipment and Consumable Efficiency	66	1
1868	Structure Engineering Rig XL - Ship Efficiency	66	1
1869	Structure Engineering Rig XL - Structure and Component Efficiency	66	1
1870	Structure Engineering Rig XL - Laboratory Optimization	66	1
1872	Structure Entities	11	0
1875	PLEX	5	1
1876	♦ Engineering Complex	65	0
1878	♦ Titan	11	0
1879	♦ Force Auxiliary	11	0
1880	♦ Dreadnought	11	0
1882	MassiveEnvironments	2	0
1884	Ubiquitous Moon Asteroids	25	1
1886	Technical Data Chips	17	1
1887	Structure Moon Drilling Service Module	66	1
1888	Composite Reaction Formulas	9	1
1889	Polymer Reaction Formulas	9	1
1890	Biochemical Reaction Formulas	9	1
1891	Depricated Subsystem Blueprints	9	0
1894	Non-Repeating Hardeners	7	0
1895	Irregular Industrial	11	0
1896	♦ Industrial Command	11	0
1909	♦ Battlecruiser	11	0
1911	Empire Asteroids	25	0
1912	Structure Drilling Rig M - Efficiency	66	1
1913	Structure Drilling Rig M - Stability	66	1
1914	Structure Drilling Rig L - Proficiency	66	1
1915	Moon Mining Beacon	2	0
1920	Common Moon Asteroids	25	1
1921	Uncommon Moon Asteroids	25	1
1922	Rare Moon Asteroids	25	1
1923	Exceptional Moon Asteroids	25	1
1924	♦ Stronghold	65	0
1925	Irregular Industrial Command Ship	11	0
1926	Irregular Freighter	11	0
1927	Irregular Structure	11	0
1928	Irregular Container	11	0
1929	Irregular - Unidentified	11	0
1933	Structure Composite Reactor Rig M - TE	66	1
1934	Structure Composite Reactor Rig M - ME	66	1
1935	Structure Hybrid Reactor Rig M - TE	66	1
1936	Structure Hybrid Reactor Rig M - ME	66	1
1937	Structure Biochemical Reactor Rig M - TE	66	1
1938	Structure Biochemical Reactor Rig M - ME	66	1
1939	Structure Reactor Rig L - Efficiency	66	1
1940	Moon Chunk	2	0
1941	Structure Resource Rig M - Asteroid Ore Reprocessing	66	1
1942	Structure Resource Rig M - Ice Reprocessing	66	1
1943	Structure Resource Rig M - Moon Ore Reprocessing	66	1
1944	Structure Resource Rig L - Reprocessing	66	1
1945	Structure Resource Rig XL - Reprocessing	66	1
1948	Cyber Scanning Implant Blueprints	9	1
1950	Permanent SKIN	91	1
1951	Volatile SKIN	91	1
1952	7-Day SKIN	91	1
1953	30-Day SKIN	91	1
1954	90-Day SKIN	91	1
1955	1-Year SKIN	91	1
1956	Drifter Reinforcements	11	0
1962	Structure QA Modules	66	0
1964	Mutaplasmids	17	1
1966	Structure Capacitor Battery	66	1
1967	Structure Capacitor Power Relay	66	1
1968	Structure Armor Reinforcer	66	1
1969	Abyssal Modules	7	0
1971	Abyssal Hazards	2	0
1972	Flag Cruiser	6	1
1973	Locators	2	0
1974	Structure Festival Launcher	66	1
1975	Non-Interactable Object	2	0
1976	Structure Festival Charges	8	1
1977	Trinary Data Vaults	17	0
1978	Industrial Support Facility	2	0
1979	Abyssal Filaments	17	1
1980	Non-Scalable Clouds	2	0
1981	Triglavian Support Pylons	2	0
1982	Abyssal Spaceship Entities	11	0
1983	Abyssal Environment	2	0
1984	Outpost Conversion Rigs	66	1
1986	Precursor Weapon	7	1
1987	Exotic Plasma Charge	8	1
1988	Entropic Radiation Sink	7	1
1989	Advanced Exotic Plasma Charge	8	1
1990	Precursor Weapon Blueprint	9	1
1991	Filament Trace	2	0
1992	Entropic Radiation Sink Blueprint	9	1
1993	Exotic Plasma Charge Blueprint	9	1
1994	Advanced Exotic Plasma Charge Blueprint	9	1
1995	Triglavian Data	17	1
1996	Abyssal Materials	4	1
1997	Abyssal Drone Entities	11	0
1998	Station Conversion Monuments	2	0
2001	Citizen Ships	6	0
2002	Triglavian Datastreams	17	1
2003	Citizen Modules	7	0
2004	Citizen Mining Laser	7	0
2005	Deployable Advertisement	22	1
2006	Deadspace Asteroids	25	0
2008	Mass Entanglers	7	1
2009	Precursor Cache	11	0
2010	Mass Entangler Blueprints	9	1
2013	Stasis Nullifiers	7	1
2015	Upwell Monument	65	0
2016	Upwell Cyno Jammer	65	1
2017	Upwell Cyno Beacon	65	1
2018	Mutadaptive Remote Armor Repairer	7	1
2019	Mutadaptive Remote Armor Repairer Blueprint	9	1
2020	Cynosural Fields	2	0
2022	Temporal Resources	25	0
2023	Cyber Electronics Implant Blueprints	9	1
2024	Fluorite	25	0
2026	Triglavian Artifacts	17	0
4028	Triglavian Entities	11	0
4029	Talassonite	25	1
4030	Rakovene	25	1
4031	Bezdnacine	25	1
4033	Destructible Effect Beacon	2	0
4034	EDENCOM Entities	11	0
4035	Drifter Entities	11	0
4036	Sleeper Entities	11	0
4037	Rogue Drone Entities	11	0
4040	180-Day SKIN	91	1
4041	Jump Filaments	17	1
4050	Abyssal Proving Filaments	17	1
4052	Jump Filament Blueprint	9	1
4053	Irregular Capsule	11	0
4055	Invisible Beacon	2	0
4057	Masks	30	1
4060	Vorton Projector	7	1
4061	Advanced Condenser Pack	8	1
4062	Condenser Pack	8	1
4064	Vorton Projector Blueprint	9	1
4065	Condenser Pack Blueprint	9	1
4066	Advanced Condenser Pack Blueprint	9	1
4067	Vorton Projector Upgrade	7	1
4069	Vorton Projector Upgrade Blueprints	9	1
4070	Exotic Artefact	2	1
4071	Type Graveyard	29	0
4072	Expired Jump Filaments	17	1
4073	Temporary Collidable Structure	11	0
4079	Encounter Surveillance System	2	1
4081	Disrupted Gate	2	0
4086	Quantum Cores	66	1
4087	Triglavian Space Filaments	17	1
4088	Interdiction Burst Probes	8	1
4090	QA Expert Systems	2100	0
4091	Standard Expert Systems	2100	1
4093	Mobile Cynosural Beacon	22	1
4094	Scalable Decorative Asteroid	25	0
4095	Mobile Cynosural Beacon Blueprint	9	1
4096	Molecular-Forged Materials	4	1
4097	Molecular-Forged Reaction Formulas	9	1
4098	Promotional Expert Systems	2100	1
4100	Logo Display Monument	2	0
4102	ESS Reserve Bank Keys	17	1
4105	Unidentified Entities	11	0
4106	AIR Entities I	11	0
4107	Mobile Observatory	22	1
4108	Mobile Observatory Blueprint	9	1
4117	Interdiction Nullifier	7	1
4118	Interdiction Nullifier Blueprint	9	1
4127	Covert Jump Portal Generator	7	1
4128	AIR Entities II	11	0
4130	Unidentified Entities II	11	0
4137	Mobile Analysis Beacon	22	1
4138	Gas Cloud Harvesters	7	1
4139	Gas Harvester Blueprint	9	1
4141	Mobile Analysis Beacon Blueprint	9	1
4142	Rogue Drone Analysis Data	17	1
4145	Warp Matrix Filaments	17	1
4161	AIR Ore Asteroid Resources	25	0
4165	Peculiar Materials	17	1
4168	Compressed Gas	2	1
4174	Compressors	7	1
4175	Compressors Blueprints	9	1
4184	Industrial Jump Portal Generator	7	1
4186	Structure Area Denial Ammunition	8	1
4188	Structure Area Denial Ammo Blueprint	9	1
4430	Asteroid Belt	2	0
4431	FW Amarr Empire Battleship	11	1
4432	FW Caldari State Battleship	11	1
4433	FW Gallente Federation Battleship	11	1
4434	FW Minmatar Republic Battleship	11	1
4471	Ship Emblems	2118	1
4477	FW Propaganda Broadcast Structure	22	1
4493	Mobile Objective Blueprint	9	1
4494	Control Point	11	0
4499	FW Listening Outpost	22	1
4501	Mission Generic Capsules	11	0
4513	Mordunium	25	1
4514	Ytirium	25	1
4515	Eifyrium	25	1
4516	Ducinium	25	1
4547	Interstellar Shipcaster Beacon	2	0
4548	Shipcaster Beacon Constructor	2	0
4549	Interstellar Shipcaster	2	0
4568	Mutanite	25	1
4569	Homefront Operations Enemy Frigate	11	0
4570	Homefront Operations Enemy Destroyer	11	0
4571	Homefront Operations Enemy Cruiser	11	0
4572	Homefront Operations Allied Dreadnought	11	0
4573	Homefront Operations Enemy Battlecruiser	11	0
4574	Homefront Operations Enemy Battleship	11	0
4575	Homefront Operations Commodity	17	1
4576	Homefront Operations Structure	11	0
4577	Homefront Operations Hauler	11	0
4579	Scalable Non-Interactable Object	2	0
4594	Lancer Dreadnought	6	1
4599	Warp Vector Data	17	1
4603	FOB services	66	0
4636	Pirate Entities	11	0
4637	Insurgency Roaming Pirates	11	0
4638	Insurgency Roaming Enforcers	11	0
4644	Pirate Forward Operating Base	65	0
4647	Insurgency Pirate Frigate	11	1
4648	Insurgency Pirate Destroyer	11	1
4649	Insurgency Pirate Cruiser	11	1
4650	Insurgency Pirate Battlecruiser	11	1
4651	Insurgency Pirate Battleship	11	1
4652	Insurgency Mordu Frigate	11	1
4653	Insurgency Mordu Destroyer	11	1
4654	Insurgency Mordu Cruiser	11	1
4655	Insurgency Mordu Battlecruiser	11	1
4656	Insurgency Mordu Battleship	11	1
4673	Insurgency Mining Ship	11	1
4712	Guided Entities	11	0
4713	Guidance Objectives	2	0
4714	Non-Interactable Asteroids	25	0
4716	Abyssal Battlefield Filament Materials	17	1
4717	CD Filaments	17	1
4719	Rift	2	0
4725	Sequence Binders	2118	1
4726	Ship SKIN Design Element	2118	1
4729	Colony Reagents	2143	1
4734	Sequencing	16	1
4736	Skyhook	46	1
4737	Homefront Operations Shuttle	11	0
4743	Abyssal Battlefield Filaments	17	1
4744	Upwell Moon Drill	65	1
4745	Skyhook Reagent Silo	2	0
4755	Kylixium	25	1
4756	Nocxite	25	1
4757	Ueganite	25	1
4758	Hezorime	25	1
4759	Griemeer	25	1
4768	Sovereignty Hub Site Detection Upgrades	39	1
4769	Capital Mobility Modules	7	1
4771	Homefront Operations Noncombatant	11	0
4772	Sovereignty Hub Service Infrastructure Upgrade	39	1
4776	Expired Abyssal Battlefields Filaments	17	1
4777	Structure Light Fighter	87	1
4778	Structure Support Fighter	87	1
4779	Structure Heavy Fighter	87	1
4795	Asteroid Angel Cartel Officer Cruiser	11	0
4796	Asteroid Angel Cartel Officer Frigate	11	0
4797	Asteroid Blood Raiders Officer Cruiser	11	0
4798	Asteroid Blood Raiders Officer Frigate	11	0
4799	Asteroid Guristas Officer Cruiser	11	0
4800	Asteroid Guristas Officer Frigate	11	0
4801	Asteroid Sansha's Nation Officer Cruiser	11	0
4802	Asteroid Sansha's Nation Officer Frigate	11	0
4803	Asteroid Serpentis Officer Cruiser	11	0
4804	Asteroid Serpentis Officer Frigate	11	0
4807	Breacher Pod Launchers	7	1
4808	SCARAB Breacher Pods	8	1
4810	Mercenary Den	22	1
4811	Mercenary Den Blueprint	9	1
4820	Mutaplasmid Blueprint	9	1
4821	Atavum	17	1
4824	Infomorph Systems	17	1
4825	Local Beacon	2	0
4827	EDENCOM Data	17	1
4828	Pirate Spawners	2	0
4838	Sovereignty Hub Colony Resources Management Upgrades	39	1
4839	Sovereignty Hub System Effect Generator Upgrades	39	1
4843	Limited Rarities	17	1
4857	Tyranite	25	1
4900	Stability Telemetry	17	1
4902	Expedition Command Ship	6	1
4905	Expedition Command Burst Charges	8	1
4906	Expedition Command Ship Blueprint	9	1
4909	Vanguard Entities	11	0
4913	Mobile Phase Anchor	22	1
4914	Mobile Phase Anchor Blueprint	9	1
4915	Prismaticite	4	1
4916	Phased Asteroid	2152	0
4917	♦ Industrial Command Ship	11	0
4918	Phased Asteroid	2	0
4924	Erratic Ore Formula	9	1
4930	Managed Asteroid Belt	2	0
4932	Unrefined Mineral	4	1
4935	Ice Belt	2	0
4936	Phased Asteroid Field	2	0
4937	Rare Asteroid Field	2	0
4938	Ore Deposit	2	0
4941	QA Phased Asteroids	2152	0
4945	Irregular Expedition Command Ship	11	0
4949	InterBus Yoiul LADs	11	0
4972	Verity Cryo Tech	17	1
4975	Irregular Capital Industrial Ship	11	0
5032	Fabricator Rogue Drone Frigate	11	0
5063	FW Amarr Empire Hauler	11	0
5064	FW Caldari State Hauler	11	0
5065	FW Gallente Federation Hauler	11	0
5066	FW Minmatar Republic Hauler	11	0
5067	Fabricator Data	17	1
5068	Vigilance Point Data	17	1
5078	Moreau’s Capsuleer Outreach Center Entities	11	0
5079	Tenzin’s Capsuleer Outreach Center Entities	11	0
5080	Roden’s Capsuleer Outreach Center Entities	11	0
5082	Portrait Backgrounds	30	1
5083	Raspite	25	1
5084	Polycrase	25	1
5085	Moissanite	25	1
5086	Kangite	25	1
5087	Special Edition Yachts	6	1
5089	Warpath Invaders - Battlecruisers	11	0
5090	Warpath Defenders -  Battlecruisers	11	0
5096	Warpath Elite Mercenaries - Battleships	11	0
5097	Warpath Elite Mercenaries - Cruisers	11	0
5098	Warpath Elite Mercenaries - Frigates	11	0
5099	Warpath Defenders - Cruisers	11	0
5100	Warpath Invaders - Cruisers	11	0
5101	Warpath Defenders - Frigates	11	0
5102	Warpath Invaders - Frigates	11	0
5119	AIR Holo-Drone Actors	11	0
5120	Command Carrier	6	1
5122	Fabricator Rogue Drone Destroyer	11	0
5123	Fabricator Rogue Drone Cruiser	11	0
5124	Fabricator Rogue Drone Battlecruiser	11	0
5125	Fabricator Rogue Drone Battleship	11	0
5154	Fabricator Rogue Drone Dreadnought	11	0
5239	Hybrid Drone	18	1
350858	Infantry Weapons	350001	0
351064	Infantry Dropsuits	350001	0
351121	Infantry Modules	350001	0
351210	Infantry Vehicles	350001	0
351648	Infantry Skills	350001	0
351844	Infantry Equipment	350001	0
354641	Infantry Skill Enhancers	350001	0
354753	Infantry Installations	350001	0
364204	Surface Infrastructure	350001	0
367487	Services	350001	0
367580	Agents	350001	0
367594	Visual Customization	350001	0
367774	Salvage Containers	350001	0
367776	Salvage Decryptors	350001	0
368656	Battle Salvage	350001	0
368666	Warbarge	350001	0
368726	Infantry Color Skin	350001	0
